id,title,fen,player_color,mode,mate_in,plan,level_tier,level_thresholds,score_rules,created_at,updated_at,training_category,training_section,training_lesson_title
14880,Queen and rook mate,8/8/3k4/8/8/4K3/8/Q6R w - - 0 1,white,mate,,,all,,,5/11/2026 7:17,5/11/2026 7:17,Pattern Recognition,Checkmates,Piece Checkmates I
14881,Two rook mate,8/8/3k4/8/8/4K3/8/R6R w - - 0 1,white,mate,,,all,,,5/11/2026 7:17,5/11/2026 7:17,Pattern Recognition,Checkmates,Piece Checkmates I
14882,Queen and bishop mate,8/8/3k4/8/8/2QBK3/8/8 w - - 0 1,white,mate,,,all,,,5/11/2026 7:17,5/11/2026 7:17,Pattern Recognition,Checkmates,Piece Checkmates I
14883,Queen and knight mate,8/8/3k4/8/8/2QNK3/8/8 w - - 0 1,white,mate,,,all,,,5/11/2026 7:17,5/11/2026 7:17,Pattern Recognition,Checkmates,Piece Checkmates I
14884,Queen mate,8/8/3k4/8/8/4K3/8/4Q3 w - - 0 1,white,mate,,,all,,,5/11/2026 7:17,5/11/2026 7:17,Pattern Recognition,Checkmates,Piece Checkmates I
14885,Rook mate,8/8/3k4/8/8/4K3/8/4R3 w - - 0 1,white,mate,,,all,,,5/11/2026 7:17,5/11/2026 7:17,Pattern Recognition,Checkmates,Piece Checkmates I
14886,Back-Rank Mate #1,6k1/4Rppp/8/8/8/8/5PPP/6K1 w - - 0 1,white,mate,,,all,,,5/11/2026 7:17,5/11/2026 7:17,Pattern Recognition,Checkmates,Checkmate Patterns I
14887,Back-Rank Mate #2,2r1r1k1/5ppp/8/8/Q7/8/5PPP/4R1K1 w - - 0 1,white,mate,,,all,,,5/11/2026 7:17,5/11/2026 7:17,Pattern Recognition,Checkmates,Checkmate Patterns I
14888,Back-Rank Mate #3,8/1p6/kp6/1p6/8/8/5PPP/5RK1 w - - 0 1,white,mate,,,all,,,5/11/2026 7:17,5/11/2026 7:17,Pattern Recognition,Checkmates,Checkmate Patterns I
14889,Back-Rank Mate #4,6k1/3qb1pp/4p3/ppp1P3/8/2PP1Q2/PP4PP/5RK1 w - - 0 1,white,mate,,,all,,,5/11/2026 7:17,5/11/2026 7:17,Pattern Recognition,Checkmates,Checkmate Patterns I
14890,Hook Mate #1,R7/4kp2/5N2/4P3/8/8/8/6K1 w - - 0 1,white,mate,,,all,,,5/11/2026 7:17,5/11/2026 7:17,Pattern Recognition,Checkmates,Checkmate Patterns I
14891,Hook Mate #2,5r1b/2R1R3/P4r2/2p2Nkp/2b3pN/6P1/4PP2/6K1 w - - 0 1,white,mate,,,all,,,5/11/2026 7:17,5/11/2026 7:17,Pattern Recognition,Checkmates,Checkmate Patterns I
14892,Hook Mate #3,2b1Q3/1kp5/p1Nb4/3P4/1P5p/p6P/K3R1P1/5q2 w - - 0 1,white,mate,,,all,,,5/11/2026 7:17,5/11/2026 7:17,Pattern Recognition,Checkmates,Checkmate Patterns I
14893,Anastasia's Mate #1,5r2/1b2Nppk/8/2R5/8/8/5PPP/6K1 w - - 0 1,white,mate,,,all,,,5/11/2026 7:17,5/11/2026 7:17,Pattern Recognition,Checkmates,Checkmate Patterns I
14894,Anastasia's Mate #2,5r1k/1b2Nppp/8/2R5/4Q3/8/5PPP/6K1 w - - 0 1,white,mate,,,all,,,5/11/2026 7:17,5/11/2026 7:17,Pattern Recognition,Checkmates,Checkmate Patterns I
14895,Anastasia's Mate #3,5rk1/1b3ppp/8/2RN4/8/8/2Q2PPP/6K1 w - - 0 1,white,mate,,,all,,,5/11/2026 7:17,5/11/2026 7:17,Pattern Recognition,Checkmates,Checkmate Patterns I
14896,Anastasia's Mate #4,1r5k/6pp/2pr4/P1Q3bq/1P2Bn2/2P5/5PPP/R3NRK1 b - - 0 1,black,mate,,,all,,,5/11/2026 7:17,5/11/2026 7:17,Pattern Recognition,Checkmates,Checkmate Patterns I
14897,Blind Swine Mate #1,5rk1/1R2R1pp/8/8/8/8/8/1K6 w - - 0 1,white,mate,,,all,,,5/11/2026 7:17,5/11/2026 7:17,Pattern Recognition,Checkmates,Checkmate Patterns I
14898,Blind Swine Mate #2,r4rk1/2R5/1n2N1pp/2Rp4/p2P4/P3P2P/qP3PPK/8 w - - 0 1,white,mate,,,all,,,5/11/2026 7:17,5/11/2026 7:17,Pattern Recognition,Checkmates,Checkmate Patterns I
14899,Blind Swine Mate #3,5rk1/1R1R1p1p/4N1p1/p7/5p2/1P4P1/r2nP1KP/8 w - - 0 1,white,mate,,,all,,,5/11/2026 7:17,5/11/2026 7:17,Pattern Recognition,Checkmates,Checkmate Patterns I
14900,Smothered Mate #1,6rk/6pp/8/6N1/8/8/8/7K w - - 0 1,white,mate,,,all,,,5/11/2026 7:17,5/11/2026 7:17,Pattern Recognition,Checkmates,Checkmate Patterns I
14901,Smothered Mate #2,6rk/6pp/6q1/6N1/8/7Q/6PP/6K1 w - - 0 1,white,mate,,,all,,,5/11/2026 7:17,5/11/2026 7:17,Pattern Recognition,Checkmates,Checkmate Patterns I
14902,Smothered Mate #3,3r3k/1p1b1Qbp/1n2B1p1/p5N1/Pq6/8/1P4PP/R6K w - - 0 1,white,mate,,,all,,,5/11/2026 7:17,5/11/2026 7:17,Pattern Recognition,Checkmates,Checkmate Patterns I
14903,Smothered Mate #4,r1k4r/ppp1bq1p/2n1N3/6B1/3p2Q1/8/PPP2PPP/R5K1 w - - 0 1,white,mate,,,all,,,5/11/2026 7:17,5/11/2026 7:17,Pattern Recognition,Checkmates,Checkmate Patterns I
14904,Double Bishop Mate #1,7k/5B1p/8/8/8/8/8/5KB1 w - - 0 1,white,mate,,,all,,,5/11/2026 7:17,5/11/2026 7:17,Pattern Recognition,Checkmates,Checkmate Patterns II
14905,Double Bishop Mate #2,r1bq3k/pp2R2p/3B2p1/2pBbp2/2Pp4/3P4/P1P3PP/6K1 w - - 0 1,white,mate,,,all,,,5/11/2026 7:17,5/11/2026 7:17,Pattern Recognition,Checkmates,Checkmate Patterns II
14906,Double Bishop Mate #3,r3k2r/pbpp1ppp/1p6/2bBPP2/8/1QPp1P1q/PP1P3P/RNBR3K b kq - 0 1,black,mate,,,all,,,5/11/2026 7:17,5/11/2026 7:17,Pattern Recognition,Checkmates,Checkmate Patterns II
14907,Boden's Mate #1,2kr4/3p4/8/8/5B2/8/8/5BK1 w - - 0 1,white,mate,,,all,,,5/11/2026 7:17,5/11/2026 7:17,Pattern Recognition,Checkmates,Checkmate Patterns II
14908,Boden's Mate #2,2k1rb1r/ppp3pp/2n2q2/3B1b2/5P2/2P1BQ2/PP1N1P1P/2KR3R b - - 0 1,black,mate,,,all,,,5/11/2026 7:17,5/11/2026 7:17,Pattern Recognition,Checkmates,Checkmate Patterns II
14909,Boden's Mate #3,2kr1b1r/pp1npppp/2p1bn2/7q/5B2/2NB1Q1P/PPP1N1P1/2KR3R w - - 0 1,white,mate,,,all,,,5/11/2026 7:17,5/11/2026 7:17,Pattern Recognition,Checkmates,Checkmate Patterns II
14910,Balestra Mate #1,5k2/8/6Q1/8/8/6B1/8/6K1 w - - 0 1,white,mate,,,all,,,5/11/2026 7:17,5/11/2026 7:17,Pattern Recognition,Checkmates,Checkmate Patterns II
14911,Arabian Mate #1,7k/5R2/5N2/8/8/8/8/7K w - - 0 1,white,mate,,,all,,,5/11/2026 7:17,5/11/2026 7:17,Pattern Recognition,Checkmates,Checkmate Patterns II
14912,Arabian Mate #2,r4nk1/pp2r1p1/2p1P2p/3p1P1N/8/8/PPPK4/6RR w - - 0 1,white,mate,,,all,,,5/11/2026 7:17,5/11/2026 7:17,Pattern Recognition,Checkmates,Checkmate Patterns II
14913,Arabian Mate #3,3qrk2/p1r2pp1/1p2pb2/nP1bN2Q/3PN3/P6R/5PPP/R5K1 w - - 0 1,white,mate,,,all,,,5/11/2026 7:17,5/11/2026 7:17,Pattern Recognition,Checkmates,Checkmate Patterns II
14914,Corner Mate #1,7k/7p/8/6N1/8/8/8/6RK w - - 0 1,white,mate,,,all,,,5/11/2026 7:17,5/11/2026 7:17,Pattern Recognition,Checkmates,Checkmate Patterns II
14915,Corner Mate #2,5rk1/3Q1p2/6p1/P5r1/R1q1n3/7B/7P/5R1K b - - 0 1,black,mate,,,all,,,5/11/2026 7:17,5/11/2026 7:17,Pattern Recognition,Checkmates,Checkmate Patterns II
14916,Morphy's Mate #1,7k/5p1p/8/8/7B/8/8/6RK w - - 0 1,white,mate,,,all,,,5/11/2026 7:17,5/11/2026 7:17,Pattern Recognition,Checkmates,Checkmate Patterns II
14917,Morphy's Mate #2,5rk1/p4p1p/1p1rpp2/3qB3/3PR3/7P/PP3PP1/6K1 w - - 0 1,white,mate,,,all,,,5/11/2026 7:17,5/11/2026 7:17,Pattern Recognition,Checkmates,Checkmate Patterns II
14918,Morphy's Mate #3,2r2rk1/5ppp/pp6/2q5/2P2P2/3pP1RP/P5P1/B1R3K1 w - - 0 1,white,mate,,,all,,,5/11/2026 7:17,5/11/2026 7:17,Pattern Recognition,Checkmates,Checkmate Patterns II
14919,Pillsbury's Mate #1,5rk1/5p1p/8/8/8/8/1B6/4K2R w - - 0 1,white,mate,,,all,,,5/11/2026 7:17,5/11/2026 7:17,Pattern Recognition,Checkmates,Checkmate Patterns II
14920,Pillsbury's Mate #2,2rqnrk1/pp3ppp/1b1p4/3p2Q1/2n1P3/3B1P2/PB2NP1P/R5RK w - - 0 1,white,mate,,,all,,,5/11/2026 7:17,5/11/2026 7:17,Pattern Recognition,Checkmates,Checkmate Patterns II
14921,Damiano's Mate #1,5rk1/6p1/6P1/7Q/8/8/8/6K1 w - - 0 1,white,mate,,,all,,,5/11/2026 7:17,5/11/2026 7:17,Pattern Recognition,Checkmates,Checkmate Patterns II
14922,Damiano's Mate #2,4rk2/1p1q1p2/3p1Bn1/p1pP1p2/P1P5/1PK3Q1/8/7R w - - 0 1,white,mate,,,all,,,5/11/2026 7:17,5/11/2026 7:17,Pattern Recognition,Checkmates,Checkmate Patterns II
14923,Damiano's Mate #3,q1r4r/1b2kpp1/p3p3/P1b5/1pN1P3/3BBPp1/1P4P1/R3QRK1 b - - 0 1,black,mate,,,all,,,5/11/2026 7:17,5/11/2026 7:17,Pattern Recognition,Checkmates,Checkmate Patterns II
14924,Lolli's Mate #1,6k1/5p2/5PpQ/8/8/8/8/6K1 w - - 0 1,white,mate,,,all,,,5/11/2026 7:17,5/11/2026 7:17,Pattern Recognition,Checkmates,Checkmate Patterns II
14925,Lolli's Mate #2,r4r2/1q3pkp/p1b1p1n1/1p4QP/4P3/1BP3P1/P4P2/R2R2K1 w - - 0 1,white,mate,,,all,,,5/11/2026 7:17,5/11/2026 7:17,Pattern Recognition,Checkmates,Checkmate Patterns II
14926,Lolli's Mate #3,4r1qk/5p1p/pp2rPpR/2pbP1Q1/3pR3/2P5/P5PP/2B3K1 w - - 0 1,white,mate,,,all,,,5/11/2026 7:17,5/11/2026 7:17,Pattern Recognition,Checkmates,Checkmate Patterns II
14927,Opera Mate #1,4k3/5p2/8/6B1/8/8/8/3R2K1 w - - 0 1,white,mate,,,all,,,5/11/2026 7:17,5/11/2026 7:17,Pattern Recognition,Checkmates,Checkmate Patterns III
14928,Opera Mate #2,rn1r2k1/ppp2ppp/3q1n2/4b1B1/4P1b1/1BP1Q3/PP3PPP/RN2K1NR b KQ - 0 1,black,mate,,,all,,,5/11/2026 7:17,5/11/2026 7:17,Pattern Recognition,Checkmates,Checkmate Patterns III
14929,Opera Mate #3,rn3rk1/p5pp/2p5/3Ppb2/2q5/1Q6/PPPB2PP/R3K1NR b KQ - 0 1,black,mate,,,all,,,5/11/2026 7:17,5/11/2026 7:17,Pattern Recognition,Checkmates,Checkmate Patterns III
14930,Anderssen's Mate #1,6k1/6P1/5K1R/8/8/8/8/8 w - - 0 1,white,mate,,,all,,,5/11/2026 7:17,5/11/2026 7:17,Pattern Recognition,Checkmates,Checkmate Patterns III
14931,Anderssen's Mate #2,1k2r3/pP3pp1/8/3P1B1p/5q2/N1P2b2/PP3Pp1/R5K1 b - - 0 1,black,mate,,,all,,,5/11/2026 7:17,5/11/2026 7:17,Pattern Recognition,Checkmates,Checkmate Patterns III
14932,Anderssen's Mate #3,2r1nrk1/p4p1p/1p2p1pQ/nPqbRN2/8/P2B4/1BP2PPP/3R2K1 w - - 0 1,white,mate,,,all,,,5/11/2026 7:17,5/11/2026 7:17,Pattern Recognition,Checkmates,Checkmate Patterns III
14933,Dovetail Mate #1,1r6/pk6/4Q3/3P4/8/8/8/6K1 w - - 0 1,white,mate,,,all,,,5/11/2026 7:17,5/11/2026 7:17,Pattern Recognition,Checkmates,Checkmate Patterns III
14934,Dovetail Mate #2,r1b1q1r1/ppp3kp/1bnp4/4p1B1/3PP3/2P2Q2/PP3PPP/RN3RK1 w - - 0 1,white,mate,,,all,,,5/11/2026 7:17,5/11/2026 7:17,Pattern Recognition,Checkmates,Checkmate Patterns III
14935,Dovetail Mate #3,6k1/1p1b3p/2pp2p1/p7/2Pb2Pq/1P1PpK2/P1N3RP/1RQ5 b - - 0 1,black,mate,,,all,,,5/11/2026 7:17,5/11/2026 7:17,Pattern Recognition,Checkmates,Checkmate Patterns III
14936,Dovetail Mate #4,rR6/5k2/2p3q1/4Qpb1/2PB1Pb1/4P3/r5R1/6K1 w - - 0 1,white,mate,,,all,,,5/11/2026 7:17,5/11/2026 7:17,Pattern Recognition,Checkmates,Checkmate Patterns III
14937,Cozio's Mate #1,8/8/1Q6/8/6pk/5q2/8/6K1 w - - 0 1,white,mate,,,all,,,5/11/2026 7:17,5/11/2026 7:17,Pattern Recognition,Checkmates,Checkmate Patterns III
14938,Swallow's Tail Mate #1,3r1r2/4k3/R7/3Q4/8/8/8/6K1 w - - 0 1,white,mate,,,all,,,5/11/2026 7:17,5/11/2026 7:17,Pattern Recognition,Checkmates,Checkmate Patterns III
14939,Swallow's Tail Mate #2,8/8/2P5/3K1k2/2R3p1/2q5/8/8 b - - 0 1,black,mate,,,all,,,5/11/2026 7:17,5/11/2026 7:17,Pattern Recognition,Checkmates,Checkmate Patterns III
14940,Epaulette Mate #1,3rkr2/8/5Q2/8/8/8/8/6K1 w - - 0 1,white,mate,,,all,,,5/11/2026 7:17,5/11/2026 7:17,Pattern Recognition,Checkmates,Checkmate Patterns III
14941,Epaulette Mate #2,1k1r4/pp1q1B1p/3bQp2/2p2r2/P6P/2BnP3/1P6/5RKR b - - 0 1,black,mate,,,all,,,5/11/2026 7:17,5/11/2026 7:17,Pattern Recognition,Checkmates,Checkmate Patterns III
14942,Epaulette Mate #3,5r2/pp3k2/5r2/q1p2Q2/3P4/6R1/PPP2PP1/1K6 w - - 0 1,white,mate,,,all,,,5/11/2026 7:17,5/11/2026 7:17,Pattern Recognition,Checkmates,Checkmate Patterns III
14943,Pawn Mate #1,8/7R/1pkp4/2p5/1PP5/8/8/6K1 w - - 0 1,white,mate,,,all,,,5/11/2026 7:17,5/11/2026 7:17,Pattern Recognition,Checkmates,Checkmate Patterns III
14944,Pawn Mate #2,r1b3nr/ppp3qp/1bnpk3/4p1BQ/3PP3/2P5/PP3PPP/RN3RK1 w - - 0 1,white,mate,,,all,,,5/11/2026 7:17,5/11/2026 7:17,Pattern Recognition,Checkmates,Checkmate Patterns III
14945,Suffocation Mate #1,5rk1/5p1p/8/3N4/8/8/1B6/7K w - - 0 1,white,mate,,,all,,,5/11/2026 7:17,5/11/2026 7:17,Pattern Recognition,Checkmates,Checkmate Patterns IV
14946,Suffocation Mate #2,r4k1r/1q3p1p/p1N2p2/1pp5/8/1PPP4/1P3PPP/R1B1R1K1 w - - 0 1,white,mate,,,all,,,5/11/2026 7:17,5/11/2026 7:17,Pattern Recognition,Checkmates,Checkmate Patterns IV
14947,Greco's Mate #1,7k/6p1/6Q1/8/8/1B6/8/6K1 w - - 0 1,white,mate,,,all,,,5/11/2026 7:17,5/11/2026 7:17,Pattern Recognition,Checkmates,Checkmate Patterns IV
14948,Greco's Mate #2,r4r1k/ppn1NBpp/4b3/4P3/3p1R2/1P6/P1P3PP/R5K1 w - - 0 1,white,mate,,,all,,,5/11/2026 7:17,5/11/2026 7:17,Pattern Recognition,Checkmates,Checkmate Patterns IV
14949,Greco's Mate #3,r2q1rk1/pbp3pp/1p1b4/3N1p2/2B5/P3PPn1/1P3P1P/2RQK2R w K - 0 1,white,mate,,,all,,,5/11/2026 7:17,5/11/2026 7:17,Pattern Recognition,Checkmates,Checkmate Patterns IV
14950,Max Lange's Mate #1,2Q5/5Bpk/7p/8/8/8/8/6K1 w - - 0 1,white,mate,,,all,,,5/11/2026 7:17,5/11/2026 7:17,Pattern Recognition,Checkmates,Checkmate Patterns IV
14951,Max Lange's Mate #2,r3k3/ppp2pp1/8/2bpP2P/4q3/1B1p1Q2/PPPP2P1/RNB4K b q - 0 1,black,mate,,,all,,,5/11/2026 7:17,5/11/2026 7:17,Pattern Recognition,Checkmates,Checkmate Patterns IV
14952,Blackburne's Mate #1,5rk1/7p/8/6N1/8/8/1BB5/6K1 w - - 0 1,white,mate,,,all,,,5/11/2026 7:17,5/11/2026 7:17,Pattern Recognition,Checkmates,Checkmate Patterns IV
14953,Réti's Mate #1,1nb5/1pk5/2p5/8/7B/8/8/3R3K w - - 0 1,white,mate,,,all,,,5/11/2026 7:17,5/11/2026 7:17,Pattern Recognition,Checkmates,Checkmate Patterns IV
14954,Légal's Mate #1,3q1b2/4kB2/3p4/4N3/8/2N5/8/6K1 w - - 0 1,white,mate,,,all,,,5/11/2026 7:17,5/11/2026 7:17,Pattern Recognition,Checkmates,Checkmate Patterns IV
14955,Kill Box Mate #1,2kr4/8/1Q6/8/8/8/5PPP/3R1RK1 w - - 0 1,white,mate,,,all,,,5/11/2026 7:17,5/11/2026 7:17,Pattern Recognition,Checkmates,Checkmate Patterns IV
14956,Triangle Mate #1,8/3p4/3k4/2R4Q/8/4K3/8/8 w - - 0 1,white,mate,,,all,,,5/11/2026 7:17,5/11/2026 7:17,Pattern Recognition,Checkmates,Checkmate Patterns IV
14957,Vukovic Mate #1,4k3/R7/4N3/3r4/8/B7/4K3/8 w - - 0 1,white,mate,,,all,,,5/11/2026 7:17,5/11/2026 7:17,Pattern Recognition,Checkmates,Checkmate Patterns IV
14958,Vukovic Mate #2,R7/8/8/7p/6n1/6k1/3r4/5K2 b - - 0 1,black,mate,,,all,,,5/11/2026 7:17,5/11/2026 7:17,Pattern Recognition,Checkmates,Checkmate Patterns IV
14959,Vukovic Mate #3,2r5/8/8/5K1k/4N1R1/7P/8/8 w - - 0 1,white,mate,,,all,,,5/11/2026 7:17,5/11/2026 7:17,Pattern Recognition,Checkmates,Checkmate Patterns IV
14960,Queen vs bishop mate,8/8/3kb3/8/8/3KQ3/8/8 w - - 0 1,white,mate,,,all,,,5/11/2026 7:17,5/11/2026 7:17,Pattern Recognition,Checkmates,Piece Checkmates II
14961,Queen vs knight mate,8/8/3kn3/8/8/3KQ3/8/8 w - - 0 1,white,mate,,,all,,,5/11/2026 7:17,5/11/2026 7:17,Pattern Recognition,Checkmates,Piece Checkmates II
14962,Queen vs rook mate,8/3kr3/8/3KQ3/8/8/8/8 w - - 0 1,white,mate,,,all,,,5/11/2026 7:17,5/11/2026 7:17,Pattern Recognition,Checkmates,Piece Checkmates II
14963,Two bishop mate,8/8/3k4/8/8/2BBK3/8/8 w - - 0 1,white,mate,,,all,,,5/11/2026 7:17,5/11/2026 7:17,Pattern Recognition,Checkmates,Piece Checkmates II
14964,Knight and bishop mate #1,8/8/1k1K4/8/2BN4/8/8/8 w - - 0 1,white,mate,,,all,,,5/11/2026 7:17,5/11/2026 7:17,Pattern Recognition,Checkmates,Piece Checkmates II
14965,Knight and bishop mate #2,8/8/3k4/3B4/3K4/8/3N4/8 w - - 0 1,white,mate,,,all,,,5/11/2026 7:17,5/11/2026 7:17,Pattern Recognition,Checkmates,Piece Checkmates II
14966,Two knights vs pawn,6k1/6p1/8/4K3/4NN2/8/8/8 w - - 0 1,white,mate,,,all,,,5/11/2026 7:17,5/11/2026 7:17,Pattern Recognition,Checkmates,Piece Checkmates II
14967,Knight & Bishop Mate: Introduction,4k3/8/8/8/8/8/8/4KBN1 w - - 0 1,white,mate,,,all,,,5/11/2026 7:17,5/11/2026 7:17,Pattern Recognition,Checkmates,Knight & Bishop Mate
14968,Exercise: Restricting the King to the First Triangle,6k1/5N2/5K2/8/2B5/8/8/8 w - - 20 11,white,mate,,,all,,,5/11/2026 7:17,5/11/2026 7:17,Pattern Recognition,Checkmates,Knight & Bishop Mate
14969,Restricting the King to the Second Triangle,8/8/3k2K1/8/8/1B1N4/8/8 b - - 29 15,black,mate,,,all,,,5/11/2026 7:17,5/11/2026 7:17,Pattern Recognition,Checkmates,Knight & Bishop Mate
14970,Exercise: Restricting the King to the Second Triangle,8/4k1K1/8/8/2B5/3N4/8/8 w - - 34 18,white,mate,,,all,,,5/11/2026 7:17,5/11/2026 7:17,Pattern Recognition,Checkmates,Knight & Bishop Mate
14971,Restricting the King to the Third Triangle,8/1k2K3/8/1B1N4/8/8/8/8 b - - 61 31,black,mate,,,all,,,5/11/2026 7:17,5/11/2026 7:17,Pattern Recognition,Checkmates,Knight & Bishop Mate
14972,Delivering Mate,2B5/k1K5/8/3N4/8/8/8/8 b - - 0 1,black,mate,,,all,,,5/11/2026 7:17,5/11/2026 7:17,Pattern Recognition,Checkmates,Knight & Bishop Mate
14973,Exercise: Delivering Mate,k1B5/2K5/8/3N4/8/8/8/8 b - - 0 1,black,mate,,,all,,,5/11/2026 7:17,5/11/2026 7:17,Pattern Recognition,Checkmates,Knight & Bishop Mate
14974,Exercise: Checkmate the Engine - DSB Edition,4k3/8/8/8/8/8/8/4KNB1 w - - 0 1,white,mate,,,all,,,5/11/2026 7:17,5/11/2026 7:17,Pattern Recognition,Checkmates,Knight & Bishop Mate
14975,Exercise: Checkmate the Engine - Rotated Edition,1NBK4/8/8/8/8/8/8/3k4 w - - 0 1,white,mate,,,all,,,5/11/2026 7:17,5/11/2026 7:17,Pattern Recognition,Checkmates,Knight & Bishop Mate
14976,Set up an absolute pin #1,7k/8/8/4n3/4P3/8/8/6BK w - - 0 1,white,mate,,,all,,,5/11/2026 7:17,5/11/2026 7:17,Pattern Recognition,Fundamental Tactics,The Pin
14977,Set up an absolute pin #2,5k2/p1p2pp1/7p/2r5/8/1P3P2/PBP3PP/1K6 w - - 0 1,white,mate,,,all,,,5/11/2026 7:17,5/11/2026 7:17,Pattern Recognition,Fundamental Tactics,The Pin
14978,Set up a relative pin #1,1k6/ppp3q1/8/4r3/8/8/3B1PPP/R4QK1 w - - 0 1,white,mate,,,all,,,5/11/2026 7:17,5/11/2026 7:17,Pattern Recognition,Fundamental Tactics,The Pin
14979,Exploit the pin #1,4k3/6p1/5p1p/4n3/8/7P/5PP1/4R1K1 w - - 0 1,white,mate,,,all,,,5/11/2026 7:17,5/11/2026 7:17,Pattern Recognition,Fundamental Tactics,The Pin
14980,Exploit the pin #2,r4rk1/pp1p1ppp/1qp2n2/8/4P3/1P1P2Q1/PBP2PPP/R4RK1 w - - 0 1,white,mate,,,all,,,5/11/2026 7:17,5/11/2026 7:17,Pattern Recognition,Fundamental Tactics,The Pin
14981,Exploit the pin #3,4r1r1/2p5/1p1kn3/p1p1R1p1/P6p/5N1P/1PP1R1PK/8 w - - 0 1,white,mate,,,all,,,5/11/2026 7:17,5/11/2026 7:17,Pattern Recognition,Fundamental Tactics,The Pin
14982,Exploit the pin #4,1r1n1rk1/ppq2p2/2b2bp1/2pB3p/2P4P/4P3/PBQ2PP1/1R3RK1 w - - 0 1,white,mate,,,all,,,5/11/2026 7:17,5/11/2026 7:17,Pattern Recognition,Fundamental Tactics,The Pin
14983,Exploit the pin #5,q5k1/5pp1/8/1pb1P3/2p4p/2P2r1P/1P3PQ1/1N3R1K b - - 0 1,black,mate,,,all,,,5/11/2026 7:17,5/11/2026 7:17,Pattern Recognition,Fundamental Tactics,The Pin
14984,Relative Skewer #1,8/1r3k2/2q1ppp1/8/5PB1/4P3/4QK2/5R2 w - - 0 1,white,mate,,,all,,,5/11/2026 7:17,5/11/2026 7:17,Pattern Recognition,Fundamental Tactics,The Skewer
14985,Relative Skewer #2,r2r2k1/2p2ppp/5n2/4p3/pB2P3/P2q3P/2R2PP1/2RQ2K1 w - - 0 1,white,mate,,,all,,,5/11/2026 7:17,5/11/2026 7:17,Pattern Recognition,Fundamental Tactics,The Skewer
14986,Relative Skewer #3,4rr1k/ppqb2p1/3b4/2p2n2/2PpBP1P/PP4P1/2QBN3/R3K2R b KQ - 0 22,black,gain_piece,,,all,,,5/11/2026 7:17,5/11/2026 7:17,Pattern Recognition,Fundamental Tactics,The Skewer
14987,Absolute Skewer #1,8/3qkb2/8/8/4KB2/5Q2/8/8 b - - 0 1,black,mate,,,all,,,5/11/2026 7:17,5/11/2026 7:17,Pattern Recognition,Fundamental Tactics,The Skewer
14988,Absolute Skewer #2,2Q5/1p4q1/p4k2/6p1/P3b3/6BP/5PP1/6K1 w - - 4 51,white,gain_piece,,,all,,,5/11/2026 7:17,5/11/2026 7:17,Pattern Recognition,Fundamental Tactics,The Skewer
14989,Absolute Skewer #3,5Q2/2k2p2/3bqP2/R2p4/3P1p2/2p4P/2P3P1/7K w - - 1 1,white,gain_piece,,,all,,,5/11/2026 7:17,5/11/2026 7:17,Pattern Recognition,Fundamental Tactics,The Skewer
14990,Absolute Skewer #4,5k2/pp1b4/3N1pp1/3P4/2p5/q1P1QP2/5KP1/8 w - - 0 39,white,gain_piece,,,all,,,5/11/2026 7:17,5/11/2026 7:17,Pattern Recognition,Fundamental Tactics,The Skewer
14991,Absolute Skewer #5,6q1/6p1/2k4p/R6B/p7/8/2P3P1/2K5 w - - 0 1,white,mate,,,all,,,5/11/2026 7:17,5/11/2026 7:17,Pattern Recognition,Fundamental Tactics,The Skewer
14992,Knight Fork #1,2q3k1/8/8/5N2/6P1/7K/8/8 w - - 0 1,white,mate,,,all,,,5/11/2026 7:17,5/11/2026 7:17,Pattern Recognition,Fundamental Tactics,The Fork
14993,Knight Fork #2,6k1/5r1p/p2N4/nppP2q1/2P5/1P2N3/PQ5P/7K w - - 0 1,white,gain_piece,,,all,,,5/11/2026 7:17,5/11/2026 7:17,Pattern Recognition,Fundamental Tactics,The Fork
14994,Pawn Fork #1,7k/8/8/4b1n1/8/8/5PPP/5R1K w - - 0 1,white,mate,,,all,,,5/11/2026 7:17,5/11/2026 7:17,Pattern Recognition,Fundamental Tactics,The Fork
14995,Pawn Fork #2,r1bqkb1r/pppp1ppp/2n5/4p3/2B1N3/5N2/PPPP1PPP/R1BQK2R b KQkq - 0 2,black,gain_piece,,,all,,,5/11/2026 7:17,5/11/2026 7:17,Pattern Recognition,Fundamental Tactics,The Fork
14996,Rook Fork #1,8/8/b5k1/8/8/8/1K6/3R4 w - - 0 1,white,mate,,,all,,,5/11/2026 7:17,5/11/2026 7:17,Pattern Recognition,Fundamental Tactics,The Fork
14997,Bishop Fork #1,5k2/8/8/8/8/r6P/5B2/6K1 w - - 0 1,white,mate,,,all,,,5/11/2026 7:17,5/11/2026 7:17,Pattern Recognition,Fundamental Tactics,The Fork
14998,Queen Fork #1,4k2r/2n2p1p/6p1/3n4/5Q2/8/5PPP/6K1 w - - 0 1,white,gain_piece,,,all,,,5/11/2026 7:17,5/11/2026 7:17,Pattern Recognition,Fundamental Tactics,The Fork
14999,Double Attack #1,r3k3/7p/6p1/5p2/5r2/2NP4/PPP2PPP/R5K1 w - - 0 1,white,gain_piece,,,all,,,5/11/2026 7:17,5/11/2026 7:17,Pattern Recognition,Fundamental Tactics,The Fork
15000,Double Attack #2,3r1k2/pp1n2pb/q1p1Qp2/2P2r2/3Pp1Np/P1P1B2P/6P1/1R1R2K1 w - - 0 1,white,gain_piece,,,all,,,5/11/2026 7:17,5/11/2026 7:17,Pattern Recognition,Fundamental Tactics,The Fork
15001,Fork Challenge #1 N,8/5pk1/8/4p3/pp1qPn2/5P2/PP2B3/2Q2K2 b - - 0 1,black,gain_piece,,,all,,,5/11/2026 7:17,5/11/2026 7:17,Pattern Recognition,Fundamental Tactics,The Fork
15002,Fork Challenge #2 N,4k3/R4br1/8/p3P3/4N3/5K2/8/8 w - - 0 1,white,mate,,,all,,,5/11/2026 7:17,5/11/2026 7:17,Pattern Recognition,Fundamental Tactics,The Fork
15003,Fork Challenge #3 N,r5k1/ppp2p1p/6pB/4n2n/3bPp1q/2NB3P/PPP3PK/R2Q1R2 b - - 1 1,black,gain_piece,,,all,,,5/11/2026 7:17,5/11/2026 7:17,Pattern Recognition,Fundamental Tactics,The Fork
15004,Fork Challenge #4 Q,8/1q6/p3p1k1/2P1Q2p/P3P2P/2P5/4r1PK/8 w - - 0 1,white,gain_piece,,,all,,,5/11/2026 7:17,5/11/2026 7:17,Pattern Recognition,Fundamental Tactics,The Fork
15005,Fork Challenge #5 Q,5Bk1/1b1r2p1/q4p1p/2Q5/2P5/6PP/P4P2/4R1K1 b - - 0 31,black,gain_piece,,,all,,,5/11/2026 7:17,5/11/2026 7:17,Pattern Recognition,Fundamental Tactics,The Fork
15006,Fork Challenge #6 P,r1bq1rk1/3np1bp/p2p1pp1/1PpP3n/4PP1B/2N2Q2/PP1N2PP/R3KB1R b KQ - 1 1,black,gain_piece,,,all,,,5/11/2026 7:17,5/11/2026 7:17,Pattern Recognition,Fundamental Tactics,The Fork
15007,Fork Challenge #7 P,4b1rr/4k1p1/4pp1n/pp1pP1RP/2pP1R2/P1P2B1N/2PK1P2/8 w - - 0 1,white,gain_piece,,,all,,,5/11/2026 7:17,5/11/2026 7:17,Pattern Recognition,Fundamental Tactics,The Fork
15008,Discovered Attack #1,5q2/3k2pp/8/8/8/5N2/6PP/5RK1 w - - 0 1,white,mate,,,all,,,5/11/2026 7:17,5/11/2026 7:17,Pattern Recognition,Fundamental Tactics,Discovered Attacks
15009,Discovered Check #1,5k2/3q2pp/8/8/8/5N2/6PP/5RK1 w - - 0 1,white,mate,,,all,,,5/11/2026 7:17,5/11/2026 7:17,Pattern Recognition,Fundamental Tactics,Discovered Attacks
15010,Discovered Attack #2,r4k2/2r2pp1/7p/3P4/4B3/5N2/6PP/5RK1 w - - 0 1,white,gain_piece,,,all,,,5/11/2026 7:17,5/11/2026 7:17,Pattern Recognition,Fundamental Tactics,Discovered Attacks
15011,Discovered Check #2,r2q1bnr/pp2k1pp/3p1p2/1Bp1N1B1/8/2Pp4/PP3PPP/RN1bR1K1 w - - 0 12,white,gain_piece,,,all,,,5/11/2026 7:17,5/11/2026 7:17,Pattern Recognition,Fundamental Tactics,Discovered Attacks
15012,Discovered Attack #3,r1b2rk1/ppqn1pbp/5np1/3p4/3BP3/1P1B1P1P/P2N2PN/R2Q1RK1 b - - 0 14,black,gain_piece,,,all,,,5/11/2026 7:17,5/11/2026 7:17,Pattern Recognition,Fundamental Tactics,Discovered Attacks
15013,Discovered Check #3,3k4/7R/p2P4/2p1b3/8/2P3rB/P4r2/1K2R3 w - - 3 41,white,gain_piece,,,all,,,5/11/2026 7:17,5/11/2026 7:17,Pattern Recognition,Fundamental Tactics,Discovered Attacks
15014,Discovered Attack #4,8/8/4np2/4pk1p/RNr4P/P3KP2/1P6/8 w - - 1 1,white,gain_piece,,,all,,,5/11/2026 7:17,5/11/2026 7:17,Pattern Recognition,Fundamental Tactics,Discovered Attacks
15015,Discovered Check #4,r1bq2rk/1p1p4/p1n1pPQp/3n4/4N3/1N1Bb3/PPP3PP/R4R1K w - - 0 1,white,gain_piece,,,all,,,5/11/2026 7:17,5/11/2026 7:17,Pattern Recognition,Fundamental Tactics,Discovered Attacks
15016,Discovered Attack #5,8/1b1Q1ppk/p2bp2p/1p1q4/3Pp3/1P2B1P1/P6P/2R3K1 b - - 0 1,black,gain_piece,,,all,,,5/11/2026 7:17,5/11/2026 7:17,Pattern Recognition,Fundamental Tactics,Discovered Attacks
15017,Discovered Check #5,3r4/1R1P1k1p/1p1q2p1/1Pp5/2P5/6P1/4Q1KP/8 w - - 6 51,white,gain_piece,,,all,,,5/11/2026 7:17,5/11/2026 7:17,Pattern Recognition,Fundamental Tactics,Discovered Attacks
15018,Double Check Introduction,k1q5/1pp5/8/8/N7/8/8/R5K1 w - - 0 1,white,mate,,,all,,,5/11/2026 7:17,5/11/2026 7:17,Pattern Recognition,Fundamental Tactics,Double Check
15019,Double Check #1,r3k2r/ppp2pp1/2np4/2B1p2n/2B1P1Nq/3P4/PPP2PP1/RN1Q1RK1 b kq - 0 11,black,gain_piece,,,all,,,5/11/2026 7:17,5/11/2026 7:17,Pattern Recognition,Fundamental Tactics,Double Check
15020,Double Check #2,rn2kb1r/pp2pp1p/2p2p2/8/8/3Q1N2/qPPB1PPP/2KR3R w kq - 0 13,white,gain_piece,,,all,,,5/11/2026 7:17,5/11/2026 7:17,Pattern Recognition,Fundamental Tactics,Double Check
15021,Double Check #3,r4k2/pppb1Pp1/2np3p/2b5/2B2Bnq/2N5/PP2Q1PP/4RR1K w - - 6 17,white,gain_piece,,,all,,,5/11/2026 7:17,5/11/2026 7:17,Pattern Recognition,Fundamental Tactics,Double Check
15022,Double Check #4,3r2k1/pp5p/6p1/2Ppq3/4Nr2/4B2b/PP2P2K/R1Q1R2B b - - 0 26,black,gain_piece,,,all,,,5/11/2026 7:17,5/11/2026 7:17,Pattern Recognition,Fundamental Tactics,Double Check
15023,Double Check #5,r3k2r/2q1np1p/p3P1p1/1p2p3/8/2PBB3/P1PR2PP/5RK1 w kq - 0 21,white,gain_piece,,,all,,,5/11/2026 7:17,5/11/2026 7:17,Pattern Recognition,Fundamental Tactics,Double Check
15024,Overloaded #1,6k1/5pp1/4b1n1/8/8/3BR3/5PPP/6K1 w - - 0 1,white,gain_piece,,,all,,,5/11/2026 7:17,5/11/2026 7:17,Pattern Recognition,Fundamental Tactics,Overloaded Pieces
15025,Overloaded #2,2r1rbk1/5pp1/3P1n2/8/8/3Q3P/2B2PPK/8 w - - 0 1,white,gain_piece,,,all,,,5/11/2026 7:17,5/11/2026 7:17,Pattern Recognition,Fundamental Tactics,Overloaded Pieces
15026,Overloaded #3,2b5/7p/3k2pP/1p1p1pP1/1P1P1K2/8/5P2/3B4 w - - 0 1,white,gain_piece,,,all,,,5/11/2026 7:17,5/11/2026 7:17,Pattern Recognition,Fundamental Tactics,Overloaded Pieces
15027,Overloaded #4,3q3k/pp2b1pp/8/2P5/1P2RBQ1/2P5/P4rPp/7K w - - 2 29,white,gain_piece,,,all,,,5/11/2026 7:17,5/11/2026 7:17,Pattern Recognition,Fundamental Tactics,Overloaded Pieces
15028,Overloaded #5,8/1Q1rkpp1/p3p3/3nB1r1/8/3q3P/PP3R2/K1R5 w - - 2 34,white,gain_piece,,,all,,,5/11/2026 7:17,5/11/2026 7:17,Pattern Recognition,Fundamental Tactics,Overloaded Pieces
15029,Overloaded #6,3r2k1/pb1r1pp1/1pn2q1p/3B4/6Q1/P4NP1/1P3PP1/3RR1K1 w - - 7 23,white,gain_piece,,,all,,,5/11/2026 7:17,5/11/2026 7:17,Pattern Recognition,Fundamental Tactics,Overloaded Pieces
15030,Overloaded #7,2Q5/1p3p1k/p2prPq1/8/7p/8/PP3RP1/6K1 w - - 0 1,white,gain_piece,,,all,,,5/11/2026 7:17,5/11/2026 7:17,Pattern Recognition,Fundamental Tactics,Overloaded Pieces
15031,Overloaded #8,5k1r/p4p2/3Np2p/3bP3/8/3RBPb1/1r4P1/2R3K1 w - - 0 1,white,gain_piece,,,all,,,5/11/2026 7:17,5/11/2026 7:17,Pattern Recognition,Fundamental Tactics,Overloaded Pieces
15032,Overloaded #9,3r2k1/1pp4p/p1n1q1p1/2Q5/1P2B3/P3P1Pb/3N1R1P/6K1 b - - 1 1,black,gain_piece,,,all,,,5/11/2026 7:17,5/11/2026 7:17,Pattern Recognition,Fundamental Tactics,Overloaded Pieces
15033,Overloaded #10,r7/2k1Pp1p/p1n2p2/P1b1r3/2p5/2P3P1/5P1P/1R1Q2K1 w - - 2 29,white,gain_piece,,,all,,,5/11/2026 7:17,5/11/2026 7:17,Pattern Recognition,Fundamental Tactics,Overloaded Pieces
15034,Zwischenzug,rBbqk2r/pp3ppp/5n2/8/1bpP4/8/PP2B1PP/RN1Q1KNR b kq - 0 9,black,gain_piece,,,all,,,5/11/2026 7:17,5/11/2026 7:17,Pattern Recognition,Fundamental Tactics,Zwischenzug
15035,Zwischenschach,2r2rk1/pp1b1ppp/1q2p3/3pP3/1B3Pn1/3B1N2/P3Q1PP/RN2KR2 b Q - 0 16,black,gain_piece,,,all,,,5/11/2026 7:17,5/11/2026 7:17,Pattern Recognition,Fundamental Tactics,Zwischenzug
15036,Zwischenzug Challenge #1,r1b5/4kq2/p1Bbp1Qp/6p1/8/4B1P1/PPP4P/6K1 w - - 0 29,white,gain_piece,,,all,,,5/11/2026 7:17,5/11/2026 7:17,Pattern Recognition,Fundamental Tactics,Zwischenzug
15037,Zwischenzug Challenge #2,2r3k1/q5pp/4p3/2rp1p2/1p1B1P2/1P1QP3/P1R3PP/6K1 w - - 2 28,white,gain_piece,,,all,,,5/11/2026 7:17,5/11/2026 7:17,Pattern Recognition,Fundamental Tactics,Zwischenzug
15038,Zwischenzug Challenge #3,2r2r1k/1pN1Qpbp/p4pp1/qb6/8/1B6/PP3PPP/2RR2K1 w - - 10 23,white,gain_piece,,,all,,,5/11/2026 7:17,5/11/2026 7:17,Pattern Recognition,Fundamental Tactics,Zwischenzug
15039,X-Ray #1,1R1r2k1/2q2ppp/8/1Q6/8/6P1/5P1P/6K1 w - - 0 1,white,gain_piece,,,all,,,5/11/2026 7:17,5/11/2026 7:17,Pattern Recognition,Fundamental Tactics,X-Ray
15040,X-Ray #2,8/6p1/5p1k/BP1B4/5P1p/r6P/2R3P1/6Kn b - - 0 1,black,gain_piece,,,all,,,5/11/2026 7:17,5/11/2026 7:17,Pattern Recognition,Fundamental Tactics,X-Ray
15041,X-Ray #3,rn1qr1k1/1p2np2/2p3p1/8/1pPb4/7Q/PB1P1PP1/2KR1B1R w - - 0 1,white,gain_piece,,,all,,,5/11/2026 7:17,5/11/2026 7:17,Pattern Recognition,Fundamental Tactics,X-Ray
15042,X-Ray #4,3Rr1k1/p4ppp/b5q1/2Q5/1B3PP1/P7/1PP1r2P/2K5 w - - 0 1,white,gain_piece,,,all,,,5/11/2026 7:17,5/11/2026 7:17,Pattern Recognition,Fundamental Tactics,X-Ray
15043,X-Ray #5,2r5/p2kBp2/b3pP1p/3p2p1/1p6/5P2/PqQ2RPP/2R3K1 b - - 0 1,black,gain_piece,,,all,,,5/11/2026 7:17,5/11/2026 7:17,Pattern Recognition,Fundamental Tactics,X-Ray
15044,X-Ray #6,r1b2rk1/4n1b1/p2p2PQ/3P4/2n1B3/2B3P1/qPP5/1NKR3R b - - 0 1,black,gain_piece,,,all,,,5/11/2026 7:17,5/11/2026 7:17,Pattern Recognition,Fundamental Tactics,X-Ray
15045,X-Ray #7,5n1k/2r1Rr1p/1p3P1B/pPqp4/P1np2Q1/3B4/2P3PP/R5K1 w - - 0 1,white,gain_piece,,,all,,,5/11/2026 7:17,5/11/2026 7:17,Pattern Recognition,Fundamental Tactics,X-Ray
15046,Zugzwang #1,3k4/8/2K5/7R/8/8/8/8 w - - 0 1,white,mate,,,all,,,5/11/2026 7:17,5/11/2026 7:17,Pattern Recognition,Advanced Tactics,Zugzwang
15047,Zugzwang #2,5rk1/6n1/8/7p/4q1pP/6P1/6RQ/6NK b - - 0 1,black,gain_piece,,,all,,,5/11/2026 7:17,5/11/2026 7:17,Pattern Recognition,Advanced Tactics,Zugzwang
15048,Zugzwang #3,8/8/3k4/1p1p4/1P6/2P1K3/8/8 w - - 0 1,white,mate,,,all,,,5/11/2026 7:17,5/11/2026 7:17,Pattern Recognition,Advanced Tactics,Zugzwang
15049,Zugzwang #4,1k1b4/2n5/1K6/4B3/6B1/8/8/8 w - - 0 1,white,mate,,,all,,,5/11/2026 7:17,5/11/2026 7:17,Pattern Recognition,Advanced Tactics,Zugzwang
15050,Interference Introduction,1r2r1k1/p1pbqppp/Q2b1n2/3p4/P2P4/2P5/1P2BPPP/R1B1KN1R b KQ - 2 14,black,gain_piece,,,all,,,5/11/2026 7:17,5/11/2026 7:17,Pattern Recognition,Advanced Tactics,Interference
15051,Interference #2,1k1r3r/1pp2pp1/p1p5/2Q5/7q/2Pp1Pp1/PP1N2P1/R1B1RK2 b - - 3 20,black,gain_piece,,,all,,,5/11/2026 7:17,5/11/2026 7:17,Pattern Recognition,Advanced Tactics,Interference
15052,Interference #3,r2q2k1/pQ2bppp/4p3/8/3r1B2/6P1/P3PP1P/1R3RK1 w - - 1 17,white,gain_piece,,,all,,,5/11/2026 7:17,5/11/2026 7:17,Pattern Recognition,Advanced Tactics,Interference
15053,Interference #4,2rqr1k1/pp1Q1pbp/2n3p1/8/4P3/4BP2/PP2B1PP/2RR2K1 b - - 0 21,black,gain_piece,,,all,,,5/11/2026 7:17,5/11/2026 7:17,Pattern Recognition,Advanced Tactics,Interference
15054,Interference #5,3B2k1/6p1/3b4/1p1p3q/3P1p2/2PQ1NPb/1P2rP1P/R5K1 b - - 5 30,black,gain_piece,,,all,,,5/11/2026 7:17,5/11/2026 7:17,Pattern Recognition,Advanced Tactics,Interference
15055,Interference #6,2r4k/5pR1/7p/4pN1q/7P/2n1P3/2Q2P1K/8 b - - 0 36,black,gain_piece,,,all,,,5/11/2026 7:17,5/11/2026 7:17,Pattern Recognition,Advanced Tactics,Interference
15056,Interference #7,5q2/1b4pk/1p2p1n1/1P1pPp2/P2P1P1p/rB1N1R1P/1Q4PK/8 w - - 2 46,white,gain_piece,,,all,,,5/11/2026 7:17,5/11/2026 7:17,Pattern Recognition,Advanced Tactics,Interference
15057,Greek Gift Introduction,rnbq1rk1/pppn1ppp/4p3/3pP3/1b1P4/2NB1N2/PPP2PPP/R1BQK2R w KQq - 0 1,white,gain_piece,,,all,,,5/11/2026 7:17,5/11/2026 7:17,Pattern Recognition,Advanced Tactics,Greek Gift
15058,Greek Gift Challenge #1,rnb2rk1/pp1nqppp/4p3/3pP3/3p3P/2NB3N/PPP2PP1/R2QK2R w KQ - 0 10,white,gain_piece,,,all,,,5/11/2026 7:17,5/11/2026 7:17,Pattern Recognition,Advanced Tactics,Greek Gift
15059,Greek Gift Challenge #2,r3r1k1/1b2qppp/p7/1p1Pb3/1P6/P2B4/1B2Q1PP/3R1RK1 w - - 0 21,white,gain_piece,,,all,,,5/11/2026 7:17,5/11/2026 7:17,Pattern Recognition,Advanced Tactics,Greek Gift
15060,Greek Gift Challenge #3,r2qrbk1/5ppp/pn1p4/np2P1P1/3p4/5N2/PPB2PP1/R1BQR1K1 w - - 1 20,white,gain_piece,,,all,,,5/11/2026 7:17,5/11/2026 7:17,Pattern Recognition,Advanced Tactics,Greek Gift
15061,Greek Gift Challenge #4,3r1rk1/bpq2ppp/p1b1p3/2P5/1P2B3/P4Q2/1B3PPP/2R2RK1 w - - 3 18,white,gain_piece,,,all,,,5/11/2026 7:17,5/11/2026 7:17,Pattern Recognition,Advanced Tactics,Greek Gift
15062,Defend against the Greek Gift,r1b2rk1/ppqn1ppB/4p3/2pnP3/1p1P4/5N2/PP1N1PPP/R2Q1RK1 b - - 0 12,black,gain_piece,,,all,,,5/11/2026 7:17,5/11/2026 7:17,Pattern Recognition,Advanced Tactics,Greek Gift
15063,Deflection #1,R4rk1/5ppp/4b3/8/8/3B3P/5PP1/6K1 w - - 0 1,white,gain_piece,,,all,,,5/11/2026 7:17,5/11/2026 7:17,Pattern Recognition,Advanced Tactics,Deflection
15064,Deflection #2,8/3P4/8/k2r4/8/6R1/5K2/8 w - - 0 1,white,mate,,,all,,,5/11/2026 7:17,5/11/2026 7:17,Pattern Recognition,Advanced Tactics,Deflection
15065,Deflection #3,4r1k1/1p1q1ppp/p2p1P2/1n1P4/1P1Q4/6P1/P4PKP/4R3 w - - 0 3,white,gain_piece,,,all,,,5/11/2026 7:17,5/11/2026 7:17,Pattern Recognition,Advanced Tactics,Deflection
15066,Deflection #4,rnbqkb1r/pp2pppp/5n2/8/2B1P3/2N5/PPP2PPP/R1BQK2R w - - 0 1,white,gain_piece,,,all,,,5/11/2026 7:17,5/11/2026 7:17,Pattern Recognition,Advanced Tactics,Deflection
15067,Deflection #5,2b3k1/4q2p/3r2pQ/8/8/3r3R/6PP/5RK1 w - - 0 1,white,gain_piece,,,all,,,5/11/2026 7:17,5/11/2026 7:17,Pattern Recognition,Advanced Tactics,Deflection
15068,Deflection #6,4r1k1/5p2/3q2pp/4n3/6P1/4Q1NP/5P2/4R1K1 b - - 0 1,black,gain_piece,,,all,,,5/11/2026 7:17,5/11/2026 7:17,Pattern Recognition,Advanced Tactics,Deflection
15069,Deflection #7,r2r2k1/p4pp1/1p1q3p/8/P7/7P/1P3PP1/R2QR1K1 w - - 0 1,white,gain_piece,,,all,,,5/11/2026 7:17,5/11/2026 7:17,Pattern Recognition,Advanced Tactics,Deflection
15070,Deflection #8,r5rk/3b2qp/p1p5/PpP3BQ/1P6/2PB2P1/5PKP/8 w - - 0 1,white,gain_piece,,,all,,,5/11/2026 7:17,5/11/2026 7:17,Pattern Recognition,Advanced Tactics,Deflection
15071,Deflection #9,r1bk3r/pppp1pp1/1n5p/4N2n/2q5/5PQ1/PPP3PP/R3R1K1 w - - 0 1,white,gain_piece,,,all,,,5/11/2026 7:17,5/11/2026 7:17,Pattern Recognition,Advanced Tactics,Deflection
15072,Deflection #10,6k1/1r3pp1/5q1p/Np6/8/1P1p3Q/4bPPR/2R3K1 b - - 3 4,black,gain_piece,,,all,,,5/11/2026 7:17,5/11/2026 7:17,Pattern Recognition,Advanced Tactics,Deflection
15073,Attraction #1,5nk1/5p1p/8/5N2/8/Q4p1q/3r4/1R4K1 w - - 0 1,white,gain_piece,,,all,,,5/11/2026 7:17,5/11/2026 7:17,Pattern Recognition,Advanced Tactics,Attraction
15074,Attraction #2,rnb1kb1r/pp3ppp/2p5/4q3/4n3/3Q4/PPPB1PPP/2KR1BNR w kq - 0 9,white,gain_piece,,,all,,,5/11/2026 7:17,5/11/2026 7:17,Pattern Recognition,Advanced Tactics,Attraction
15075,Attraction #3,r2B3r/3n2pp/p1kbR3/1b1p1P2/1qpP4/4PQPP/2B2P1K/8 w - - 0 1,white,gain_piece,,,all,,,5/11/2026 7:17,5/11/2026 7:17,Pattern Recognition,Advanced Tactics,Attraction
15076,Attraction #4,r4Bk1/5p2/4b1p1/q7/3P4/8/P1P2Q2/K6R w - - 0 1,white,gain_piece,,,all,,,5/11/2026 7:17,5/11/2026 7:17,Pattern Recognition,Advanced Tactics,Attraction
15077,Attraction #5,r3r1k1/p1p2pp1/3b3p/6R1/1PB1Q3/7q/2P2R2/6K1 w - - 0 1,white,gain_piece,,,all,,,5/11/2026 7:17,5/11/2026 7:17,Pattern Recognition,Advanced Tactics,Attraction
15078,Attraction #6,8/5pk1/4p3/1p1r4/6P1/4P2p/PR2KP2/8 b - - 0 1,black,gain_piece,,,all,,,5/11/2026 7:17,5/11/2026 7:17,Pattern Recognition,Advanced Tactics,Attraction
15079,Attraction #7,4k1r1/R6p/4Nb2/4n3/6Pq/2P4P/3Q3K/5R2 w - - 2 2,white,gain_piece,,,all,,,5/11/2026 7:17,5/11/2026 7:17,Pattern Recognition,Advanced Tactics,Attraction
15080,Attraction #8,6k1/ppq3bp/2n2np1/5p2/2P2P2/4KBN1/PP5P/RQ6 b - - 0 23,black,gain_piece,,,all,,,5/11/2026 7:17,5/11/2026 7:17,Pattern Recognition,Advanced Tactics,Attraction
15081,Attraction #9,8/r2n1p2/1r1N1Pk1/3pP1p1/1p4P1/qPp2K2/P1R4R/8 w - - 0 1,white,gain_piece,,,all,,,5/11/2026 7:17,5/11/2026 7:17,Pattern Recognition,Advanced Tactics,Attraction
15082,Attraction #10,7r/6kp/5bp1/8/8/8/6PP/2B2RK1 w - - 0 1,white,mate,,,all,,,5/11/2026 7:17,5/11/2026 7:17,Pattern Recognition,Advanced Tactics,Attraction
15083,Underpromotion: Introduction,7n/r4P1k/5b2/5N1p/8/1q6/PP6/K5R1 w - - 0 1,white,gain_piece,,,all,,,5/11/2026 7:17,5/11/2026 7:17,Pattern Recognition,Advanced Tactics,Underpromotion
15084,Underpromotion #1,8/5P1k/8/7K/8/8/8/8 w - - 0 1,white,mate,,,all,,,5/11/2026 7:17,5/11/2026 7:17,Pattern Recognition,Advanced Tactics,Underpromotion
15085,Underpromotion #2,3B4/1P6/k7/8/8/5K2/8/8 w - - 0 1,white,mate,,,all,,,5/11/2026 7:17,5/11/2026 7:17,Pattern Recognition,Advanced Tactics,Underpromotion
15086,Underpromotion #3,5r2/6Pk/5K2/8/8/8/8/8 w - - 0 1,white,mate,,,all,,,5/11/2026 7:17,5/11/2026 7:17,Pattern Recognition,Advanced Tactics,Underpromotion
15087,Underpromotion #4,8/5P1p/6kr/7p/7P/5K2/8/8 w - - 0 1,white,mate,,,all,,,5/11/2026 7:17,5/11/2026 7:17,Pattern Recognition,Advanced Tactics,Underpromotion
15088,Underpromotion #5,8/8/8/8/2n5/k7/2p5/KB6 b - - 0 1,black,mate,,,all,,,5/11/2026 7:17,5/11/2026 7:17,Pattern Recognition,Advanced Tactics,Underpromotion
15089,Underpromotion #6,4Q3/Pq4pk/5p1p/5P1K/6PP/8/8/8 w - - 0 1,white,gain_piece,,,all,,,5/11/2026 7:17,5/11/2026 7:17,Pattern Recognition,Advanced Tactics,Underpromotion
15090,Underpromotion #7,4r1k1/3q2P1/6Q1/8/6p1/6Pp/7P/5R1K w - - 0 1,white,gain_piece,,,all,,,5/11/2026 7:17,5/11/2026 7:17,Pattern Recognition,Advanced Tactics,Underpromotion
15091,Underpromotion #8,8/6PK/5k2/8/8/8/8/6r1 w - - 0 1,white,mate,,,all,,,5/11/2026 7:17,5/11/2026 7:17,Pattern Recognition,Advanced Tactics,Underpromotion
15092,Underpromotion #9,3r4/k1P5/P7/1K6/8/8/8/8 w - - 0 1,white,mate,,,all,,,5/11/2026 7:17,5/11/2026 7:17,Pattern Recognition,Advanced Tactics,Underpromotion
15093,Desperado #1,r3kb1r/pp3ppp/2N1pn2/q7/3P4/2N5/PP2bPPP/R1BQ1RK1 b - - 0 1,black,gain_piece,,,all,,,5/11/2026 7:17,5/11/2026 7:17,Pattern Recognition,Advanced Tactics,Desperado
15094,Desperado #2,r2q2rk/2p2p2/pb1p3p/1p1N4/3nP1nB/PB3P2/1P3P2/R2QRK2 w - - 0 1,white,gain_piece,,,all,,,5/11/2026 7:17,5/11/2026 7:17,Pattern Recognition,Advanced Tactics,Desperado
15095,Desperado #3,r5k1/ppp1p1rp/8/3P3Q/2nRPqb1/2N5/PP2N1P1/1K5R b - - 0 1,black,gain_piece,,,all,,,5/11/2026 7:17,5/11/2026 7:17,Pattern Recognition,Advanced Tactics,Desperado
15096,Desperado #4,r5rk/ppN2p1p/5PpQ/5q2/1p3Rn1/1P6/P5PP/3R1K2 w - - 0 1,white,gain_piece,,,all,,,5/11/2026 7:17,5/11/2026 7:17,Pattern Recognition,Advanced Tactics,Desperado
15097,Desperado #5,5rk1/3b2b1/4pnQp/1p1P4/p2BN2q/6P1/PPB2P2/6K1 b - - 0 1,black,gain_piece,,,all,,,5/11/2026 7:17,5/11/2026 7:17,Pattern Recognition,Advanced Tactics,Desperado
15098,Counter-Check #1,k7/q7/Q7/3N4/8/8/8/6K1 w - - 0 1,white,mate,,,all,,,5/11/2026 7:17,5/11/2026 7:17,Pattern Recognition,Advanced Tactics,Counter Check
15099,Counter-Check #2,8/6P1/8/8/1q2K3/8/5Q2/k7 w - - 0 1,white,mate,,,all,,,5/11/2026 7:17,5/11/2026 7:17,Pattern Recognition,Advanced Tactics,Counter Check
15100,Counter-Check #3,6r1/1p1np2k/p4b1p/q1pP4/2P1N3/4B3/PPQ4P/5RK1 w - - 0 1,white,gain_piece,,,all,,,5/11/2026 7:17,5/11/2026 7:17,Pattern Recognition,Advanced Tactics,Counter Check
15101,Counter-Check #4,8/8/8/8/8/k5R1/2rn4/K7 b - - 55 94,black,mate,,,all,,,5/11/2026 7:17,5/11/2026 7:17,Pattern Recognition,Advanced Tactics,Counter Check
15102,Counter-Check #5,2b5/5Npp/p1P5/P1R4k/1p4r1/3r1pPK/4BP1P/7R b - - 1 31,black,gain_piece,,,all,,,5/11/2026 7:17,5/11/2026 7:17,Pattern Recognition,Advanced Tactics,Counter Check
15103,Undermining #1,4rrk1/R5bp/3qp1p1/3p3n/2pB1P2/6PP/1P3PB1/3QR1K1 w - - 2 24,white,gain_piece,,,all,,,5/11/2026 7:17,5/11/2026 7:17,Pattern Recognition,Advanced Tactics,Undermining
15104,Undermining #2,1b3rk1/1p5p/8/1N1p4/P1nBn1q1/4P1P1/R4PKN/7Q b - - 1 30,black,gain_piece,,,all,,,5/11/2026 7:17,5/11/2026 7:17,Pattern Recognition,Advanced Tactics,Undermining
15105,Undermining #3,3qnrk1/1p3ppp/8/p4N2/8/P5QP/1P3PP1/4R1K1 w - - 0 1,white,gain_piece,,,all,,,5/11/2026 7:17,5/11/2026 7:17,Pattern Recognition,Advanced Tactics,Undermining
15106,Undermining #4,1q3r1k/r4ppp/5n2/8/3Q1N2/p6R/PPP5/1K5R w - - 0 1,white,gain_piece,,,all,,,5/11/2026 7:17,5/11/2026 7:17,Pattern Recognition,Advanced Tactics,Undermining
15107,Undermining #5,1q2rk2/1p3ppp/p4n2/2N5/1P6/6P1/P1Q3KP/5R2 w - - 0 1,white,gain_piece,,,all,,,5/11/2026 7:17,5/11/2026 7:17,Pattern Recognition,Advanced Tactics,Undermining
15108,Clearance #1,4R3/2k5/3r1Np1/1p4K1/5P2/8/1n6/8 w - - 3 57,white,mate,,,all,,,5/11/2026 7:17,5/11/2026 7:17,Pattern Recognition,Advanced Tactics,Clearance
15109,Clearance #2,8/k7/p1p5/2P1p3/1P2B3/P3P3/3K2p1/6n1 b - - 1 48,black,gain_piece,,,all,,,5/11/2026 7:17,5/11/2026 7:17,Pattern Recognition,Advanced Tactics,Clearance
15110,Clearance #3,1k1r3r/ppqb4/5Ppp/3p4/P2np3/3BR1Q1/2PB1PPP/R5K1 w - - 0 23,white,gain_piece,,,all,,,5/11/2026 7:17,5/11/2026 7:17,Pattern Recognition,Advanced Tactics,Clearance
15111,Clearance #4,5k1r/1p6/2b1pNpp/2q1P2N/5P1Q/pPp5/Pn4PK/4R3 w - - 0 40,white,gain_piece,,,all,,,5/11/2026 7:17,5/11/2026 7:17,Pattern Recognition,Advanced Tactics,Clearance
15112,Clearance #5,5r2/p2q1r1p/7k/3pQ1R1/5pbP/8/PP1B1PP1/4R1K1 w - - 3 28,white,gain_piece,,,all,,,5/11/2026 7:17,5/11/2026 7:17,Pattern Recognition,Advanced Tactics,Clearance
15113,Pawn on the 2nd rank,8/8/8/1k6/8/4K3/2P5/8 w - - 0 1,white,mate,,,all,,,5/11/2026 7:17,5/11/2026 7:17,Pattern Recognition,Pawn Endgames,Key Squares
15114,Pawn on the 3rd rank,4k3/8/8/8/8/1KP5/8/8 w - - 0 1,white,mate,,,all,,,5/11/2026 7:17,5/11/2026 7:17,Pattern Recognition,Pawn Endgames,Key Squares
15115,Pawn on the 4th rank,8/8/k7/4K3/2P5/8/8/8 w - - 0 1,white,mate,,,all,,,5/11/2026 7:17,5/11/2026 7:17,Pattern Recognition,Pawn Endgames,Key Squares
15116,Pawn on the 5th rank,3k4/8/8/1KP5/8/8/8/8 w - - 0 1,white,mate,,,all,,,5/11/2026 7:17,5/11/2026 7:17,Pattern Recognition,Pawn Endgames,Key Squares
15117,Pawn on the 6th rank,2k5/8/1KP5/8/8/8/8/8 w - - 0 1,white,mate,,,all,,,5/11/2026 7:17,5/11/2026 7:17,Pattern Recognition,Pawn Endgames,Key Squares
15118,Knight pawn on the 6th exception #1,k7/2K5/8/1P6/8/8/8/8 w - - 0 1,white,mate,,,all,,,5/11/2026 7:17,5/11/2026 7:17,Pattern Recognition,Pawn Endgames,Key Squares
15119,Knight pawn on the 6th exception #2,6k1/8/6K1/6P1/8/8/8/8 w - - 0 1,white,mate,,,all,,,5/11/2026 7:17,5/11/2026 7:17,Pattern Recognition,Pawn Endgames,Key Squares
15120,Pawn on the 7th rank,8/1kP1K3/8/8/8/8/8/8 w - - 0 1,white,mate,,,all,,,5/11/2026 7:17,5/11/2026 7:17,Pattern Recognition,Pawn Endgames,Key Squares
15121,Rook pawn #1,8/4k3/6K1/7P/8/8/8/8 w - - 0 1,white,mate,,,all,,,5/11/2026 7:17,5/11/2026 7:17,Pattern Recognition,Pawn Endgames,Key Squares
15122,Rook pawn #2,8/8/8/8/pk6/8/3K4/8 w - - 0 1,white,mate,,,all,,,5/11/2026 7:17,5/11/2026 7:17,Pattern Recognition,Pawn Endgames,Key Squares
15123,Any key square by any route,5k2/8/8/8/8/2P5/8/3K4 w - - 0 1,white,mate,,,all,,,5/11/2026 7:17,5/11/2026 7:17,Pattern Recognition,Pawn Endgames,Key Squares
15124,Direct Opposition #1,8/2k5/8/8/2PK4/8/8/8 w - - 0 1,white,mate,,,all,,,5/11/2026 7:17,5/11/2026 7:17,Pattern Recognition,Pawn Endgames,Opposition
15125,Direct Opposition #2,8/8/8/4p3/4k3/8/8/4K3 w - - 0 1,white,mate,,,all,,,5/11/2026 7:17,5/11/2026 7:17,Pattern Recognition,Pawn Endgames,Opposition
15126,Direct Opposition #3,8/4k3/8/8/2P1K3/8/8/8 w - - 0 1,white,mate,,,all,,,5/11/2026 7:17,5/11/2026 7:17,Pattern Recognition,Pawn Endgames,Opposition
15127,Direct Opposition #4,8/8/7k/8/1p6/7K/2P5/8 w - - 0 1,white,mate,,,all,,,5/11/2026 7:17,5/11/2026 7:17,Pattern Recognition,Pawn Endgames,Opposition
15128,Direct Opposition #5,8/4R2n/4K1pk/6p1/7P/8/8/8 w - - 0 1,white,mate,,,all,,,5/11/2026 7:17,5/11/2026 7:17,Pattern Recognition,Pawn Endgames,Opposition
15129,Distant Opposition #1,8/8/8/5kp1/8/8/8/6K1 w - - 0 1,white,mate,,,all,,,5/11/2026 7:17,5/11/2026 7:17,Pattern Recognition,Pawn Endgames,Opposition
15130,Distant Opposition #2,4k3/8/8/1p5p/1P5P/8/8/4K3 w - - 0 1,white,mate,,,all,,,5/11/2026 7:17,5/11/2026 7:17,Pattern Recognition,Pawn Endgames,Opposition
15131,As a means to an end,8/8/4k3/8/2PK4/8/8/8 w - - 0 1,white,mate,,,all,,,5/11/2026 7:17,5/11/2026 7:17,Pattern Recognition,Pawn Endgames,Opposition
15132,Exercise: Queen in front = Win,7K/8/Q7/8/8/6k1/5p2/8 w - - 0 1,white,mate,,,all,,,5/11/2026 7:17,5/11/2026 7:17,Pattern Recognition,Pawn Endgames,7th-Rank Rook Pawn
15133,Not a Bishop or Rook pawn = Win,7K/8/1Q6/8/8/8/3kp3/8 w - - 0 1,white,mate,,,all,,,5/11/2026 7:17,5/11/2026 7:17,Pattern Recognition,Pawn Endgames,7th-Rank Rook Pawn
15134,Exercise: d-pawn = Win,7K/8/1Q6/8/8/8/3pk3/8 w - - 0 1,white,mate,,,all,,,5/11/2026 7:17,5/11/2026 7:17,Pattern Recognition,Pawn Endgames,7th-Rank Rook Pawn
15135,Exercise: b-pawn = Win,7K/8/1Q6/8/8/8/1pk5/8 w - - 0 1,white,mate,,,all,,,5/11/2026 7:17,5/11/2026 7:17,Pattern Recognition,Pawn Endgames,7th-Rank Rook Pawn
15136,"Rook pawn, no King assistance = Draw",8/1K6/P7/8/3q4/8/8/7k w - - 0 1,white,hold_draw,,,all,,,5/11/2026 7:17,5/11/2026 7:17,Pattern Recognition,Pawn Endgames,7th-Rank Rook Pawn
15137,"Bishop pawn, no King assistance = Draw",7K/8/4Q3/8/8/8/2p5/1k6 w - - 0 1,white,hold_draw,,,all,,,5/11/2026 7:17,5/11/2026 7:17,Pattern Recognition,Pawn Endgames,7th-Rank Rook Pawn
15138,"Rook pawn, King assistance on short side = Win",8/8/8/K7/2Q5/8/p7/1k6 w - - 0 1,white,mate,,,all,,,5/11/2026 7:17,5/11/2026 7:17,Pattern Recognition,Pawn Endgames,7th-Rank Rook Pawn
15139,"Rook pawn, King assistance on long side = Win",8/8/8/8/2QK4/8/p7/1k6 w - - 0 1,white,mate,,,all,,,5/11/2026 7:17,5/11/2026 7:17,Pattern Recognition,Pawn Endgames,7th-Rank Rook Pawn
15140,"Bishop pawn, defending King on long side, King assistance on short side = Win",8/8/8/1K6/4Q3/8/2pk4/8 w - - 0 1,white,mate,,,all,,,5/11/2026 7:17,5/11/2026 7:17,Pattern Recognition,Pawn Endgames,7th-Rank Rook Pawn
15141,"Bishop pawn, defending King on long side, King assistance on long side = Win",8/8/Q7/8/6K1/8/2pk4/8 w - - 0 1,white,mate,,,all,,,5/11/2026 7:17,5/11/2026 7:17,Pattern Recognition,Pawn Endgames,7th-Rank Rook Pawn
15142,"Bishop pawn, defending King on short side, King assistance on short side = Win",8/4Q3/8/8/K7/8/1kp5/8 w - - 0 1,white,mate,,,all,,,5/11/2026 7:17,5/11/2026 7:17,Pattern Recognition,Pawn Endgames,7th-Rank Rook Pawn
15143,"Bishop pawn, defending King on short side, King assistance on long side = Win",8/4Q3/8/8/8/8/1kp5/4K3 w - - 0 1,white,mate,,,all,,,5/11/2026 7:17,5/11/2026 7:17,Pattern Recognition,Pawn Endgames,7th-Rank Rook Pawn
15144,King on f7,R7/P4k2/8/8/8/r7/6K1/8 w - - 0 1,white,mate,,,all,,,5/11/2026 7:17,5/11/2026 7:17,Pattern Recognition,Rook Endgames,7th-Rank Rook Pawn
15145,King on g7,R7/P5k1/8/8/8/r7/6K1/8 b - - 0 1,black,mate,,,all,,,5/11/2026 7:17,5/11/2026 7:17,Pattern Recognition,Rook Endgames,7th-Rank Rook Pawn
15146,"King on g7, extra g-pawn",R7/P5k1/8/8/8/r5P1/6K1/8 w - - 0 1,white,mate,,,all,,,5/11/2026 7:17,5/11/2026 7:17,Pattern Recognition,Rook Endgames,7th-Rank Rook Pawn
15147,"King on g7, extra b-f pawn",R7/P5k1/8/8/8/r4P2/6K1/8 w - - 0 1,white,mate,,,all,,,5/11/2026 7:17,5/11/2026 7:17,Pattern Recognition,Rook Endgames,7th-Rank Rook Pawn
15148,"Exercise: King on g7, extra c-pawn",R7/P5k1/8/8/8/r1PK4/8/8 w - - 0 1,white,mate,,,all,,,5/11/2026 7:17,5/11/2026 7:17,Pattern Recognition,Rook Endgames,7th-Rank Rook Pawn
15149,"Exercise: King on g7, 2 vs 1 on the King-side",R7/P5k1/6p1/8/5P1P/8/r7/6K1 w - - 0 1,white,mate,,,all,,,5/11/2026 7:17,5/11/2026 7:17,Pattern Recognition,Rook Endgames,7th-Rank Rook Pawn
15150,"Hochstrasser - Papa, 2012: Forcing an f-pawn",R7/8/P5k1/5pp1/8/5PKP/r7/8 w - - 1 56,white,mate,,,all,,,5/11/2026 7:17,5/11/2026 7:17,Pattern Recognition,Rook Endgames,7th-Rank Rook Pawn
15151,"Bartholomew - Thaler, 2012: Trading into a winning 4v4 pawn endgame",R7/P6k/5pp1/4p2p/4P2P/5P2/r5PK/8 w - - 1 43,white,gain_piece,,,all,,,5/11/2026 7:17,5/11/2026 7:17,Pattern Recognition,Rook Endgames,7th-Rank Rook Pawn
15152,"Spassky - Torre, 1982: Forcing an e-pawn",R7/P5pk/5p2/4p2p/4P2P/5P2/6PK/r7 w - - 3 46,white,gain_piece,,,all,,,5/11/2026 7:17,5/11/2026 7:17,Pattern Recognition,Rook Endgames,7th-Rank Rook Pawn
15153,Lucena - The Bridge,6K1/4k1P1/8/8/8/7r/8/5R2 w - - 0 1,white,mate,,,all,,,5/11/2026 7:17,5/11/2026 7:17,Pattern Recognition,Rook Endgames,Basic Rook Endgames
15154,Lucena - Alternative Wins,5K2/3k1P2/8/8/8/8/6r1/4R3 w - - 0 1,white,mate,,,all,,,5/11/2026 7:17,5/11/2026 7:17,Pattern Recognition,Rook Endgames,Basic Rook Endgames
15155,Reaching the Lucena I,8/4k3/8/6P1/6K1/8/7r/5R2 w - - 0 1,white,mate,,,all,,,5/11/2026 7:17,5/11/2026 7:17,Pattern Recognition,Rook Endgames,Basic Rook Endgames
15156,Reaching the Lucena II,8/6R1/8/5K2/1k6/r3P3/8/8 w - - 0 1,white,mate,,,all,,,5/11/2026 7:17,5/11/2026 7:17,Pattern Recognition,Rook Endgames,Basic Rook Endgames
15157,Philidor Position,1r2k3/R7/8/4PK2/8/8/8/8 b - - 0 1,black,hold_draw,,,all,,,5/11/2026 7:17,5/11/2026 7:17,Pattern Recognition,Rook Endgames,Basic Rook Endgames
15158,Avoiding the Philidor,4k3/7R/8/3KP1r1/8/8/8/8 w - - 0 1,white,mate,,,all,,,5/11/2026 7:17,5/11/2026 7:17,Pattern Recognition,Rook Endgames,Basic Rook Endgames
15159,Don't Place the Cart Before the Horse!,2r3k1/4Rp1p/6p1/8/P7/6P1/5P1P/6K1 w - - 0 1,white,gain_piece,,,all,,,5/11/2026 7:17,5/11/2026 7:17,Pattern Recognition,Rook Endgames,Basic Rook Endgames
15160,Put Your Opponent's Cart Before their Horse,2R5/5pk1/8/8/8/7P/p5PK/r7 w - - 0 1,white,mate,,,all,,,5/11/2026 7:17,5/11/2026 7:17,Pattern Recognition,Rook Endgames,Basic Rook Endgames
15161,Rook vs Pawn: Cutting off the King,6K1/6R1/2k5/1p6/8/8/8/8 w - - 0 1,white,mate,,,all,,,5/11/2026 7:17,5/11/2026 7:17,Pattern Recognition,Rook Endgames,Basic Rook Endgames
15162,Rook vs Pawn Draw,8/1R6/8/8/8/p2K4/1k6/8 b - - 0 1,black,hold_draw,,,all,,,5/11/2026 7:17,5/11/2026 7:17,Pattern Recognition,Rook Endgames,Basic Rook Endgames
15163,Vancura Position,R7/6k1/P4r2/3K4/8/8/8/8 b - - 0 1,black,hold_draw,,,all,,,5/11/2026 7:17,5/11/2026 7:17,Pattern Recognition,Rook Endgames,Intermediate Rook Endings
15164,Long Side Defense,r7/3RK1k1/4P3/8/8/8/8/8 b - - 0 1,black,hold_draw,,,all,,,5/11/2026 7:17,5/11/2026 7:17,Pattern Recognition,Rook Endgames,Intermediate Rook Endings
15165,Frontal Defense,2r5/8/4k3/8/1P6/1K1R4/8/8 b - - 0 1,black,hold_draw,,,all,,,5/11/2026 7:17,5/11/2026 7:17,Pattern Recognition,Rook Endgames,Intermediate Rook Endings
15166,When the Frontal Defense doesn't work,2r5/8/5k2/8/2P5/2K5/8/4R3 w - - 0 1,white,mate,,,all,,,5/11/2026 7:17,5/11/2026 7:17,Pattern Recognition,Rook Endgames,Intermediate Rook Endings
15167,Back Rank Defense,R7/8/8/6p1/8/7k/1r6/6K1 w - - 0 1,white,hold_draw,,,all,,,5/11/2026 7:17,5/11/2026 7:17,Pattern Recognition,Rook Endgames,Intermediate Rook Endings
15168,When the Back Rank Defense doesn't work,8/8/8/8/8/5pk1/1r6/2R3K1 b Q - 0 1,black,mate,,,all,,,5/11/2026 7:17,5/11/2026 7:17,Pattern Recognition,Rook Endgames,Intermediate Rook Endings
15169,Rook and Rook Pawn versus Rook,K7/P4k2/8/8/8/8/4R3/1r6 w - - 0 1,white,mate,,,all,,,5/11/2026 7:17,5/11/2026 7:17,Pattern Recognition,Rook Endgames,Intermediate Rook Endings
15170,Holding Against a Rook Pawn,K7/P3k3/8/8/8/8/3R4/1r6 b - - 0 1,black,mate,,,all,,,5/11/2026 7:17,5/11/2026 7:17,Pattern Recognition,Rook Endgames,Intermediate Rook Endings
15171,Advanced Philidor,4k3/7R/8/3KPr2/8/8/8/8 b - - 0 1,black,hold_draw,,,all,,,5/11/2026 7:17,5/11/2026 7:17,Pattern Recognition,Rook Endgames,Intermediate Rook Endings
15172,Making Use of the Umbrella,5k2/1R6/5P2/6p1/r5K1/8/8/8 w - - 0 1,white,mate,,,all,,,5/11/2026 7:17,5/11/2026 7:17,Pattern Recognition,Rook Endgames,Intermediate Rook Endings
15173,A Position From Dvoretsky,8/8/8/3K4/8/p7/7R/1k6 w - - 0 1,white,mate,,,all,,,5/11/2026 7:17,5/11/2026 7:17,Pattern Recognition,Rook Endgames,Intermediate Rook Endings
15174,Rook versus Two Pawns,1k6/8/7P/5KP1/8/8/8/7r w - - 0 1,white,mate,,,all,,,5/11/2026 7:17,5/11/2026 7:17,Pattern Recognition,Rook Endgames,Intermediate Rook Endings
15175,Outflanking,8/4K3/8/3k4/3p4/8/8/3R4 w - - 0 1,white,mate,,,all,,,5/11/2026 7:17,5/11/2026 7:17,Pattern Recognition,Rook Endgames,Intermediate Rook Endings
15176,A study by Saavedra,8/8/1KP5/3r4/8/8/8/k7 w - - 0 1,white,mate,,,all,,,5/11/2026 7:17,5/11/2026 7:17,Pattern Recognition,Rook Endgames,Intermediate Rook Endings
15177,A Tricky Resource,8/8/2R5/4K1k1/8/pp6/8/8 w - - 0 1,white,mate,,,all,,,5/11/2026 7:17,5/11/2026 7:17,Pattern Recognition,Rook Endgames,Intermediate Rook Endings
15178,3 vs 2 - Same Side,5r1k/1R5p/6p1/8/8/6P1/5P1P/5K2 b - - 0 1,black,mate,,,all,,,5/11/2026 7:17,5/11/2026 7:17,Pattern Recognition,Rook Endgames,Practical Rook Endings
15179,4 vs 3 - Same Side,8/5pkp/4p1p1/8/3r4/4R1P1/5PKP/8 w - - 0 1,white,gain_piece,,,all,,,5/11/2026 7:17,5/11/2026 7:17,Pattern Recognition,Rook Endgames,Practical Rook Endings
15180,4 vs 3 - RP Active Rook,8/5pk1/5rpp/8/P2R3P/6P1/5PK1/8 w - - 0 1,white,gain_piece,,,all,,,5/11/2026 7:17,5/11/2026 7:17,Pattern Recognition,Rook Endgames,Practical Rook Endings
15181,4 vs 3 - RP Passive Rook,R7/P4pk1/6pp/8/5P1P/r7/6PK/8 b - - 0 1,black,gain_piece,,,all,,,5/11/2026 7:17,5/11/2026 7:17,Pattern Recognition,Rook Endgames,Practical Rook Endings
15182,5 vs 4 - RP Passive Rook,R7/P5k1/3K1p1p/4p1pP/4P1P1/5P2/8/r7 w - - 0 1,white,gain_piece,,,all,,,5/11/2026 7:17,5/11/2026 7:17,Pattern Recognition,Rook Endgames,Practical Rook Endings
15183,4 vs 4 - A trick,6k1/1R3p2/5Ppp/4P3/p7/7P/2r3P1/6K1 w - - 0 1,white,gain_piece,,,all,,,5/11/2026 7:17,5/11/2026 7:17,Pattern Recognition,Rook Endgames,Practical Rook Endings
15184,R2p vs R - Central Pawns,8/7r/5k2/4p3/4Kp2/8/8/6R1 b - - 0 1,black,mate,,,all,,,5/11/2026 7:17,5/11/2026 7:17,Pattern Recognition,Rook Endgames,Practical Rook Endings
15185,R2p vs R - g & h-pawns,8/8/r6k/6RP/4K1P1/8/8/8 w - - 0 1,white,mate,,,all,,,5/11/2026 7:17,5/11/2026 7:17,Pattern Recognition,Rook Endgames,Practical Rook Endings
15186,R2p vs R - Stalemate Trick,8/8/8/2r4k/6p1/1R4Kp/8/8 w - - 0 1,white,hold_draw,,,all,,,5/11/2026 7:17,5/11/2026 7:17,Pattern Recognition,Rook Endgames,Practical Rook Endings
15187,Kasparian's Draw,8/6k1/8/8/7p/1R4p1/2r5/6K1 w - - 0 1,white,hold_draw,,,all,,,5/11/2026 7:17,5/11/2026 7:17,Pattern Recognition,Rook Endgames,Practical Rook Endings
